{
  "mode": "two_class",
  "confidence_tau": 0.9300000000000004,
  "cost_bps": 1.0,
  "val_profit_bps": 406.3306308005123,
  "val_coverage": 0.012058122729580876,
  "val_n_executed": 9261,
  "tau_grid_start": 0.5,
  "tau_grid_end": 0.95,
  "tau_grid_step": 0.01
}