{
  "centralized": {
    "max_profit": {
      "tau": 0.8050000000000003,
      "coverage": 0.061486046727854744,
      "n_executed": 46291.0,
      "direction_accuracy": 0.8326888596055388,
      "avg_profit_bps": 218.42453320938506,
      "median_profit_bps": 193.99904852257944,
      "win_rate": 0.8326888596055388,
      "sharpe": 0.9029338891440278,
      "ev_per_sample": 13.43006105542211,
      "total_profit_bps": 10111090.066795643
    },
    "max_ev": {
      "tau": 0.5,
      "coverage": 1.0,
      "n_executed": 752870.0,
      "direction_accuracy": 0.6885690756704345,
      "avg_profit_bps": 77.71696490427811,
      "median_profit_bps": 74.29908872871692,
      "win_rate": 0.6885690756704345,
      "sharpe": 0.43327107833281764,
      "ev_per_sample": 77.71696490427811,
      "total_profit_bps": 58510771.36748386
    },
    "max_sharpe": {
      "tau": 0.9000000000000004,
      "coverage": 0.0001899398302495783,
      "n_executed": 143.0,
      "direction_accuracy": 1.0,
      "avg_profit_bps": 48.25742973453564,
      "median_profit_bps": 46.1721919801893,
      "win_rate": 1.0,
      "sharpe": 3.5111968950058845,
      "ev_per_sample": 0.00916600801205865,
      "total_profit_bps": 6900.812452038596
    }
  },
  "federated_timeblocks": {
    "max_profit": {
      "tau": 0.6100000000000001,
      "coverage": 0.30522002470546045,
      "n_executed": 229791.0,
      "direction_accuracy": 0.692485780557115,
      "avg_profit_bps": 106.21557534925407,
      "median_profit_bps": 93.36333952099308,
      "win_rate": 0.692485780557115,
      "sharpe": 0.5095239031669316,
      "ev_per_sample": 32.41912053220402,
      "total_profit_bps": 24407383.275080442
    },
    "max_ev": {
      "tau": 0.505,
      "coverage": 0.9651307662677487,
      "n_executed": 726618.0,
      "direction_accuracy": 0.6485856392217093,
      "avg_profit_bps": 65.1025550057476,
      "median_profit_bps": 64.63804483742386,
      "win_rate": 0.6485856392217093,
      "sharpe": 0.34952955731987795,
      "ev_per_sample": 62.83247879868544,
      "total_profit_bps": 47304688.31316631
    },
    "max_sharpe": {
      "tau": 0.5750000000000001,
      "coverage": 0.46005817737457994,
      "n_executed": 346364.0,
      "direction_accuracy": 0.7124614567333788,
      "avg_profit_bps": 103.22736302744045,
      "median_profit_bps": 94.21402811273228,
      "win_rate": 0.7124614567333788,
      "sharpe": 0.532932445062327,
      "ev_per_sample": 47.49059248958835,
      "total_profit_bps": 35754242.36763638
    }
  },
  "privacy_federated_timeblocks": {
    "max_profit": {
      "tau": 0.545,
      "coverage": 0.563482407321317,
      "n_executed": 424229.0,
      "direction_accuracy": 0.6453283486041737,
      "avg_profit_bps": 70.87369588402171,
      "median_profit_bps": 64.59510041784566,
      "win_rate": 0.6453283486041737,
      "sharpe": 0.3704408856183036,
      "ev_per_sample": 39.93608077248747,
      "total_profit_bps": 30066677.13118265
    },
    "max_ev": {
      "tau": 0.5,
      "coverage": 1.0,
      "n_executed": 752870.0,
      "direction_accuracy": 0.6138231035902613,
      "avg_profit_bps": 52.35502123877503,
      "median_profit_bps": 53.98992524333835,
      "win_rate": 0.6138231035902613,
      "sharpe": 0.2777771881831308,
      "ev_per_sample": 52.35502123877503,
      "total_profit_bps": 39416524.840036556
    },
    "max_sharpe": {
      "tau": 0.545,
      "coverage": 0.563482407321317,
      "n_executed": 424229.0,
      "direction_accuracy": 0.6453283486041737,
      "avg_profit_bps": 70.87369588402171,
      "median_profit_bps": 64.59510041784566,
      "win_rate": 0.6453283486041737,
      "sharpe": 0.3704408856183036,
      "ev_per_sample": 39.93608077248747,
      "total_profit_bps": 30066677.13118265
    }
  }
}