{
  "max_profit": {
    "tau": 0.8500000000000003,
    "coverage": 0.029091343791092752,
    "n_executed": 21902.0,
    "direction_accuracy": 0.8432563236234134,
    "avg_profit_bps": 213.189769912666,
    "win_rate": 0.8432563236234134,
    "sharpe": 1.013104825906161,
    "ev_per_sample": 6.201976889273329
  },
  "max_ev": {
    "tau": 0.505,
    "coverage": 0.9999946869977553,
    "n_executed": 752866.0,
    "direction_accuracy": 0.6933039876950214,
    "avg_profit_bps": 78.72451273545009,
    "win_rate": 0.6933039876950214,
    "sharpe": 0.43998068375322535,
    "ev_per_sample": 78.7240944719372
  },
  "max_sharpe": {
    "tau": 0.8900000000000003,
    "coverage": 0.0034268864478595243,
    "n_executed": 2580.0,
    "direction_accuracy": 0.984108527131783,
    "avg_profit_bps": 196.02412376098144,
    "win_rate": 0.984108527131783,
    "sharpe": 1.0928598012448736,
    "ev_per_sample": 0.6717524131700454
  }
}