{
  "centralized": {
    "max_profit": {
      "tau": 0.8050000000000003,
      "coverage": 0.061486046727854744,
      "n_executed": 46291.0,
      "direction_accuracy": 0.8326888596055388,
      "avg_profit_bps": 218.42453320938506,
      "median_profit_bps": 193.99904852257944,
      "win_rate": 0.8326888596055388,
      "sharpe": 0.9029338891440278,
      "ev_per_sample": 13.43006105542211,
      "total_profit_bps": 10111090.066795643
    },
    "max_ev": {
      "tau": 0.5,
      "coverage": 1.0,
      "n_executed": 752870.0,
      "direction_accuracy": 0.6885690756704345,
      "avg_profit_bps": 77.71696490427811,
      "median_profit_bps": 74.29908872871692,
      "win_rate": 0.6885690756704345,
      "sharpe": 0.43327107833281764,
      "ev_per_sample": 77.71696490427811,
      "total_profit_bps": 58510771.36748386
    },
    "max_sharpe": {
      "tau": 0.9000000000000004,
      "coverage": 0.0001899398302495783,
      "n_executed": 143.0,
      "direction_accuracy": 1.0,
      "avg_profit_bps": 48.25742973453564,
      "median_profit_bps": 46.1721919801893,
      "win_rate": 1.0,
      "sharpe": 3.5111968950058845,
      "ev_per_sample": 0.00916600801205865,
      "total_profit_bps": 6900.812452038596
    }
  },
  "federated_iid": {
    "max_profit": {
      "tau": 0.5750000000000001,
      "coverage": 0.28489911936987794,
      "n_executed": 214492.0,
      "direction_accuracy": 0.6909208735057718,
      "avg_profit_bps": 96.2765190133644,
      "median_profit_bps": 83.68449532160304,
      "win_rate": 0.6909208735057718,
      "sharpe": 0.4756028396673821,
      "ev_per_sample": 27.42909548290483,
      "total_profit_bps": 20650543.11621456
    },
    "max_ev": {
      "tau": 0.5,
      "coverage": 1.0,
      "n_executed": 752870.0,
      "direction_accuracy": 0.6152974617131776,
      "avg_profit_bps": 53.99025361215667,
      "median_profit_bps": 54.27885794441967,
      "win_rate": 0.6152974617131776,
      "sharpe": 0.28717014928016965,
      "ev_per_sample": 53.99025361215667,
      "total_profit_bps": 40647642.236984394
    },
    "max_sharpe": {
      "tau": 0.5700000000000001,
      "coverage": 0.31405820393959116,
      "n_executed": 236445.0,
      "direction_accuracy": 0.6937681067478695,
      "avg_profit_bps": 95.30454613465051,
      "median_profit_bps": 84.33971089993764,
      "win_rate": 0.6937681067478695,
      "sharpe": 0.4799218050485865,
      "ev_per_sample": 29.931174586326243,
      "total_profit_bps": 22534283.41080744
    }
  },
  "privacy_federated_iid": {
    "max_profit": {
      "tau": 0.53,
      "coverage": 0.626885119608963,
      "n_executed": 471963.0,
      "direction_accuracy": 0.5903598375296368,
      "avg_profit_bps": 46.34715148126566,
      "median_profit_bps": 45.158939000604526,
      "win_rate": 0.5903598375296368,
      "sharpe": 0.24055330182440063,
      "ev_per_sample": 29.05433959986795,
      "total_profit_bps": 21874140.654552586
    },
    "max_ev": {
      "tau": 0.5,
      "coverage": 1.0,
      "n_executed": 752870.0,
      "direction_accuracy": 0.5780838657404332,
      "avg_profit_bps": 37.369567030709696,
      "median_profit_bps": 42.90491776344985,
      "win_rate": 0.5780838657404332,
      "sharpe": 0.1945416995307166,
      "ev_per_sample": 37.369567030709696,
      "total_profit_bps": 28134425.930410407
    },
    "max_sharpe": {
      "tau": 0.53,
      "coverage": 0.626885119608963,
      "n_executed": 471963.0,
      "direction_accuracy": 0.5903598375296368,
      "avg_profit_bps": 46.34715148126566,
      "median_profit_bps": 45.158939000604526,
      "win_rate": 0.5903598375296368,
      "sharpe": 0.24055330182440063,
      "ev_per_sample": 29.05433959986795,
      "total_profit_bps": 21874140.654552586
    }
  }
}